<?xml version="1.0" encoding="UTF-8"?>
<!-- Logger levels for development -->
<!DOCTYPE log4j:configuration >
<Configuration status="WARN">
<Properties>
<Property name="log-path">logs/</Property>
</Properties>
<Appenders>
<RollingFile name="RollingFile" fileName="${log-path}/hpmc_server.log"
filePattern="${log-path}/hpmc_server-%d{yyyy-MM-dd}-%i.log" >
<PatternLayout>
<pattern>%d{dd/MMM/yyyy HH:mm:ss,SSS}- %c{1}: %m%n</pattern>
</PatternLayout>
<Policies>
<SizeBasedTriggeringPolicy size="1 KB" />
</Policies>
<DefaultRolloverStrategy max="10"/>
</RollingFile>
</Appenders>
<Loggers>
<Logger name="root" level="warn" additivity="false">
<appender-ref ref="RollingFile" level="all"/>
</Logger>
<Root level="warn" additivity="false">
<AppenderRef ref="RollingFile"/>
</Root>
</Loggers>
</Configuration>


<!-- Logger level for production -->
<!-- <?xml version="1.0" encoding="UTF-8"?>
<!DOCTYPE log4j:configuration >
<Configuration status="ALL">
<Properties>
<Property name="log-path">logs/</Property>
</Properties>
<Appenders>
<RollingFile name="RollingFile" fileName="${log-path}/hpmc_server.log"
filePattern="${log-path}/hpmc_server-%d{yyyy-MM-dd}-%i.log" >
<PatternLayout>
<pattern>%d{dd/MMM/yyyy HH:mm:ss,SSS}- %c{1}: %m%n</pattern>
</PatternLayout>
<Policies>
<SizeBasedTriggeringPolicy size="1 KB" />
</Policies>
<DefaultRolloverStrategy max="10"/>
</RollingFile>
</Appenders>
<Loggers>
<Logger name="root" level="all" additivity="false">
<appender-ref ref="RollingFile" level="all"/>
</Logger>
<Root level="all" additivity="false">
<AppenderRef ref="RollingFile"/>
</Root>
</Loggers>
</Configuration> -->